--=======================================================================================================================	
-- AKAPANA
--=======================================================================================================================	
INSERT INTO BuildingClasses
		(Type, 						Description, 				DefaultBuilding, 	MaxPlayerInstances)
VALUES	('BUILDINGCLASS_GAIA_AKAPANA', 	'TXT_KEY_BUILDING_GAIA_AKAPANA', 'BUILDING_GAIA_AKAPANA', 1);

INSERT INTO BuildingClasses
		(Type, 									DefaultBuilding, 				NoLimit)
VALUES	('BUILDINGCLASS_CHALLA_RITUAL_01',		'BUILDING_CHALLA_RITUAL_01',	1),
		('BUILDINGCLASS_CHALLA_RITUAL_02',		'BUILDING_CHALLA_RITUAL_02',	1),
		('BUILDINGCLASS_CHALLA_RITUAL_03',		'BUILDING_CHALLA_RITUAL_03',	1),
		('BUILDINGCLASS_CHALLA_RITUAL_04',		'BUILDING_CHALLA_RITUAL_04',	1),
		('BUILDINGCLASS_CHALLA_RITUAL_05',		'BUILDING_CHALLA_RITUAL_05',	1),
		('BUILDINGCLASS_CHALLA_RITUAL_06',		'BUILDING_CHALLA_RITUAL_06',	1),
		('BUILDINGCLASS_CHALLA_RITUAL_07',		'BUILDING_CHALLA_RITUAL_07',	1),
		('BUILDINGCLASS_CHALLA_RITUAL_08',		'BUILDING_CHALLA_RITUAL_08',	1),
		('BUILDINGCLASS_CHALLA_RITUAL_09',		'BUILDING_CHALLA_RITUAL_09',	1),
		('BUILDINGCLASS_CHALLA_RITUAL_10',		'BUILDING_CHALLA_RITUAL_10',	1),
		('BUILDINGCLASS_CHALLA_REFORMATION',	'BUILDING_CHALLA_REFORMATION',	1);

INSERT INTO Buildings
		(Type,					BuildingClass,           Description,                Civilopedia,                      Help,							Cost, 	UnlockedByBelief,	FaithCost,	NukeImmune, HurryCostModifier, MinAreaSize, NeverCapture, IconAtlas,				PortraitIndex, HolyCity, ConversionModifier, ReligiousPressureModifier, IsReformation, NumCityCostMod, GlobalFollowerPopRequired, FaithToVotes)
VALUES	('BUILDING_GAIA_AKAPANA',	'BUILDINGCLASS_GAIA_AKAPANA', 'TXT_KEY_BUILDING_GAIA_AKAPANA', 'TXT_KEY_BUILDING_GAIA_AKAPANA_PEDIA', 'TXT_KEY_BUILDING_GAIA_AKAPANA_HELP',	-1,  	1,					250,		1,          -1,                -1,          1,            'GAIA_FAITHBLDG_ATLAS',	8,			   1,		 -20,				 50,						0,			   0,			   0,						  10);

INSERT INTO Buildings 	
		(Type,							BuildingClass,						Description,									Help,												UnlockedByBelief,	IsReformation, CapitalOnly, 	GoldMaintenance,	Cost,	FaithCost,	GreatWorkCount, NeverCapture,	NukeImmune, ConquestProb,	HurryCostModifier,	IconAtlas,				PortraitIndex, 	IsDummy)
VALUES	('BUILDING_CHALLA_RITUAL_01',	'BUILDINGCLASS_CHALLA_RITUAL_01',	'TXT_KEY_BUILDING_GAIA_AKAPANA_CHALLA_RITUAL',		'TXT_KEY_BUILDING_GAIA_AKAPANA_CHALLA_RITUAL_HELP',		1,					0, 				0, 				0,					-1,		250,		-1,				1,				1,			0,				-1,					'GAIA_FAITHBLDG_ATLAS',	9, 				1),
		('BUILDING_CHALLA_RITUAL_02',	'BUILDINGCLASS_CHALLA_RITUAL_02',	'TXT_KEY_BUILDING_GAIA_AKAPANA_CHALLA_RITUAL',		'TXT_KEY_BUILDING_GAIA_AKAPANA_CHALLA_RITUAL_HELP',		1,					0, 				0, 				0,					-1,		250,		-1,				1,				1,			0,				-1,					'GAIA_FAITHBLDG_ATLAS',	9, 				1),
		('BUILDING_CHALLA_RITUAL_03',	'BUILDINGCLASS_CHALLA_RITUAL_03',	'TXT_KEY_BUILDING_GAIA_AKAPANA_CHALLA_RITUAL',		'TXT_KEY_BUILDING_GAIA_AKAPANA_CHALLA_RITUAL_HELP',		1,					0, 				0, 				0,					-1,		250,		-1,				1,				1,			0,				-1,					'GAIA_FAITHBLDG_ATLAS',	9, 				1),
		('BUILDING_CHALLA_RITUAL_04',	'BUILDINGCLASS_CHALLA_RITUAL_04',	'TXT_KEY_BUILDING_GAIA_AKAPANA_CHALLA_RITUAL',		'TXT_KEY_BUILDING_GAIA_AKAPANA_CHALLA_RITUAL_HELP',		1,					0, 				0, 				0,					-1,		250,		-1,				1,				1,			0,				-1,					'GAIA_FAITHBLDG_ATLAS',	9, 				1),
		('BUILDING_CHALLA_RITUAL_05',	'BUILDINGCLASS_CHALLA_RITUAL_05',	'TXT_KEY_BUILDING_GAIA_AKAPANA_CHALLA_RITUAL',		'TXT_KEY_BUILDING_GAIA_AKAPANA_CHALLA_RITUAL_HELP',		1,					0, 				0, 				0,					-1,		250,		-1,				1,				1,			0,				-1,					'GAIA_FAITHBLDG_ATLAS',	9, 				1),
		('BUILDING_CHALLA_RITUAL_06',	'BUILDINGCLASS_CHALLA_RITUAL_06',	'TXT_KEY_BUILDING_GAIA_AKAPANA_CHALLA_RITUAL',		'TXT_KEY_BUILDING_GAIA_AKAPANA_CHALLA_RITUAL_HELP',		1,					0, 				0, 				0,					-1,		250,		-1,				1,				1,			0,				-1,					'GAIA_FAITHBLDG_ATLAS',	9, 				1),
		('BUILDING_CHALLA_RITUAL_07',	'BUILDINGCLASS_CHALLA_RITUAL_07',	'TXT_KEY_BUILDING_GAIA_AKAPANA_CHALLA_RITUAL',		'TXT_KEY_BUILDING_GAIA_AKAPANA_CHALLA_RITUAL_HELP',		1,					0, 				0, 				0,					-1,		250,		-1,				1,				1,			0,				-1,					'GAIA_FAITHBLDG_ATLAS',	9, 				1),
		('BUILDING_CHALLA_RITUAL_08',	'BUILDINGCLASS_CHALLA_RITUAL_08',	'TXT_KEY_BUILDING_GAIA_AKAPANA_CHALLA_RITUAL',		'TXT_KEY_BUILDING_GAIA_AKAPANA_CHALLA_RITUAL_HELP',		1,					0, 				0, 				0,					-1,		250,		-1,				1,				1,			0,				-1,					'GAIA_FAITHBLDG_ATLAS',	9, 				1),
		('BUILDING_CHALLA_RITUAL_09',	'BUILDINGCLASS_CHALLA_RITUAL_09',	'TXT_KEY_BUILDING_GAIA_AKAPANA_CHALLA_RITUAL',		'TXT_KEY_BUILDING_GAIA_AKAPANA_CHALLA_RITUAL_HELP',		1,					0, 				0, 				0,					-1,		250,		-1,				1,				1,			0,				-1,					'GAIA_FAITHBLDG_ATLAS',	9, 				1),
		('BUILDING_CHALLA_RITUAL_10',	'BUILDINGCLASS_CHALLA_RITUAL_10',	'TXT_KEY_BUILDING_GAIA_AKAPANA_CHALLA_RITUAL',		'TXT_KEY_BUILDING_GAIA_AKAPANA_CHALLA_RITUAL_HELP',		1,					0, 				0, 				0,					-1,		250,		-1,				1,				1,			0,				-1,					'GAIA_FAITHBLDG_ATLAS',	9, 				1),
		('BUILDING_CHALLA_REFORMATION',	'BUILDINGCLASS_CHALLA_REFORMATION',	'TXT_KEY_BUILDING_GAIA_AKAPANA_CHALLA_REFORMATION',	'TXT_KEY_BUILDING_GAIA_AKAPANA_CHALLA_REFORMATION_HELP',	1,					1, 				0, 				0,					-1,		250,		-1,				1,				1,          0,				-1,					'GAIA_FAITHBLDG_ATLAS',	10, 			1);

INSERT INTO Building_BuildingClassLocalYieldChanges
		(BuildingType,	BuildingClassType,			YieldType,			YieldChange)
SELECT	Type, 'BUILDINGCLASS_GAIA_AKAPANA',	'YIELD_FOOD',		1 FROM Buildings WHERE Type LIKE 'BUILDING_CHALLA_RITUAL_%' UNION ALL
SELECT	Type, 'BUILDINGCLASS_GAIA_AKAPANA',	'YIELD_PRODUCTION',	1 FROM Buildings WHERE Type LIKE 'BUILDING_CHALLA_RITUAL_%' UNION ALL
SELECT	Type, 'BUILDINGCLASS_GAIA_AKAPANA',	'YIELD_GOLD',		1 FROM Buildings WHERE Type LIKE 'BUILDING_CHALLA_RITUAL_%' UNION ALL
SELECT	Type, 'BUILDINGCLASS_GAIA_AKAPANA',	'YIELD_SCIENCE',	1 FROM Buildings WHERE Type LIKE 'BUILDING_CHALLA_RITUAL_%' UNION ALL
SELECT	Type, 'BUILDINGCLASS_GAIA_AKAPANA',	'YIELD_CULTURE',	1 FROM Buildings WHERE Type LIKE 'BUILDING_CHALLA_RITUAL_%' UNION ALL
SELECT	Type, 'BUILDINGCLASS_GAIA_AKAPANA',	'YIELD_FAITH',		1 FROM Buildings WHERE Type LIKE 'BUILDING_CHALLA_RITUAL_%';

INSERT INTO Building_BuildingClassLocalYieldChanges
		(BuildingType,					BuildingClassType,			YieldType,				YieldChange)
VALUES	('BUILDING_CHALLA_REFORMATION',	'BUILDINGCLASS_GAIA_AKAPANA',	'YIELD_FOOD',			2),
		('BUILDING_CHALLA_REFORMATION',	'BUILDINGCLASS_GAIA_AKAPANA',	'YIELD_PRODUCTION',		2),
		('BUILDING_CHALLA_REFORMATION',	'BUILDINGCLASS_GAIA_AKAPANA',	'YIELD_GOLD',			2),
		('BUILDING_CHALLA_REFORMATION',	'BUILDINGCLASS_GAIA_AKAPANA',	'YIELD_SCIENCE',		2),
		('BUILDING_CHALLA_REFORMATION',	'BUILDINGCLASS_GAIA_AKAPANA',	'YIELD_CULTURE',		2),
		('BUILDING_CHALLA_REFORMATION',	'BUILDINGCLASS_GAIA_AKAPANA',	'YIELD_FAITH',			2);

INSERT INTO Building_ClassesNeededInCity 	
		(BuildingType, 						BuildingClassType)
VALUES	('BUILDING_CHALLA_RITUAL_01',	'BUILDINGCLASS_GAIA_AKAPANA'),
		('BUILDING_CHALLA_RITUAL_02',	'BUILDINGCLASS_CHALLA_RITUAL_01'),
		('BUILDING_CHALLA_RITUAL_03',	'BUILDINGCLASS_CHALLA_RITUAL_02'),
		('BUILDING_CHALLA_RITUAL_04',	'BUILDINGCLASS_CHALLA_RITUAL_03'),
		('BUILDING_CHALLA_RITUAL_05',	'BUILDINGCLASS_CHALLA_RITUAL_04'),
		('BUILDING_CHALLA_RITUAL_06',	'BUILDINGCLASS_CHALLA_RITUAL_05'),
		('BUILDING_CHALLA_RITUAL_07',	'BUILDINGCLASS_CHALLA_RITUAL_06'),
		('BUILDING_CHALLA_RITUAL_08',	'BUILDINGCLASS_CHALLA_RITUAL_07'),
		('BUILDING_CHALLA_RITUAL_09',	'BUILDINGCLASS_CHALLA_RITUAL_08'),
		('BUILDING_CHALLA_RITUAL_10',	'BUILDINGCLASS_CHALLA_RITUAL_09'),
		('BUILDING_CHALLA_REFORMATION',	'BUILDINGCLASS_CHALLA_RITUAL_10');

INSERT INTO Building_Flavors 	
		(BuildingType, 					FlavorType,					Flavor)
VALUES	('BUILDING_GAIA_AKAPANA',		'FLAVOR_RELIGION',			100),
		('BUILDING_GAIA_AKAPANA',		'FLAVOR_CULTURE',			10),
		('BUILDING_GAIA_AKAPANA',		'FLAVOR_GOLD',				10),
		('BUILDING_GAIA_AKAPANA',		'FLAVOR_PRODUCTION',		10),
		('BUILDING_GAIA_AKAPANA',		'FLAVOR_SCIENCE',			10),
		('BUILDING_GAIA_AKAPANA',		'FLAVOR_WONDER',			10),
		('BUILDING_GAIA_AKAPANA',		'FLAVOR_INFRASTRUCTURE',	10),
		('BUILDING_CHALLA_REFORMATION',	'FLAVOR_RELIGION',			200),
		('BUILDING_CHALLA_REFORMATION',	'FLAVOR_CULTURE',			20),
		('BUILDING_CHALLA_REFORMATION',	'FLAVOR_GOLD',				20),
		('BUILDING_CHALLA_REFORMATION',	'FLAVOR_PRODUCTION',		20),
		('BUILDING_CHALLA_REFORMATION',	'FLAVOR_SCIENCE',			20),
		('BUILDING_CHALLA_REFORMATION',	'FLAVOR_WONDER',			20),
		('BUILDING_CHALLA_REFORMATION',	'FLAVOR_INFRASTRUCTURE',	20);
		
INSERT INTO Building_Flavors
		(BuildingType,	FlavorType,					Flavor)
SELECT	Type,			'FLAVOR_RELIGION',			100 FROM Buildings WHERE Type LIKE 'BUILDING_CHALLA_RITUAL_%' UNION ALL
SELECT	Type,			'FLAVOR_CULTURE',			10	FROM Buildings WHERE Type LIKE 'BUILDING_CHALLA_RITUAL_%' UNION ALL
SELECT	Type,			'FLAVOR_GOLD',				10	FROM Buildings WHERE Type LIKE 'BUILDING_CHALLA_RITUAL_%' UNION ALL
SELECT	Type,			'FLAVOR_PRODUCTION',		10	FROM Buildings WHERE Type LIKE 'BUILDING_CHALLA_RITUAL_%' UNION ALL
SELECT	Type,			'FLAVOR_SCIENCE',			10	FROM Buildings WHERE Type LIKE 'BUILDING_CHALLA_RITUAL_%' UNION ALL
SELECT	Type,			'FLAVOR_WONDER',			10	FROM Buildings WHERE Type LIKE 'BUILDING_CHALLA_RITUAL_%' UNION ALL
SELECT	Type,			'FLAVOR_INFRASTRUCTURE',	10	FROM Buildings WHERE Type LIKE 'BUILDING_CHALLA_RITUAL_%';

INSERT INTO Beliefs
		(Type, 					Description, 				ShortDescription, 				Tooltip, 					Pantheon, 	Founder, 	Follower, 	Enhancer, 	Reformation)
VALUES	('BELIEF_GAIA_AKAPANA', 'TXT_KEY_BELIEF_GAIA_AKAPANA',	'TXT_KEY_BELIEF_GAIA_AKAPANA_SHORT', 'TXT_KEY_BELIEF_GAIA_AKAPANA',	0, 			1, 			0, 			0, 			0);
		
INSERT INTO Belief_BuildingClassFaithPurchase
		(BeliefType, 			BuildingClassType)
VALUES	('BELIEF_GAIA_AKAPANA', 'BUILDINGCLASS_GAIA_AKAPANA'),
		('BELIEF_GAIA_AKAPANA', 'BUILDINGCLASS_CHALLA_REFORMATION');

INSERT INTO Belief_BuildingClassFaithPurchase
		(BeliefType, 			BuildingClassType)
SELECT	'BELIEF_GAIA_AKAPANA', 	Type FROM BuildingClasses WHERE Type LIKE 'BUILDINGCLASS_CHALLA_RITUAL_%';

--=======================================================================================================================
-- MAUSOLEUM
--=================================================================================================================================
INSERT INTO BuildingClasses (Type, DefaultBuilding, Description)
SELECT 'BUILDINGCLASS_GAIA_MAUSOLEUM', 'BUILDING_GAIA_MAUSOLEUM', 'TXT_KEY_BUILDING_GAIA_MAUSOLEUM';

INSERT INTO Belief_BuildingClassFaithPurchase (BeliefType, BuildingClassType) 
	SELECT Type, 'BUILDINGCLASS_GAIA_MAUSOLEUM' FROM Beliefs WHERE Founder = 1;

INSERT INTO Buildings (Type, BuildingClass, Cost, FaithCost, Description, Help, Civilopedia, Strategy, ConquestProb, HurryCostModifier, MinAreaSize, ArtDefineTag, NukeImmune, IconAtlas, PortraitIndex, NumCityCostMod)
SELECT 'BUILDING_GAIA_MAUSOLEUM', 'BUILDINGCLASS_GAIA_MAUSOLEUM', 125, -1, 'TXT_KEY_BUILDING_GAIA_MAUSOLEUM', 'TXT_KEY_BUILDING_GAIA_MAUSOLEUM_HELP', 'TXT_KEY_BUILDING_GAIA_MAUSOLEUM_PEDIA', 'TXT_KEY_BUILDING_GAIA_MAUSOLEUM_STRATEGY', 100, -1, -1, 'TEMPLE', 1, 'GAIA_FAITHBLDG_ATLAS', 11, 15;

UPDATE Buildings SET UnlockedByBelief = 1				WHERE Type = 'BUILDING_GAIA_MAUSOLEUM';
UPDATE Buildings SET HolyCity = 1						WHERE Type = 'BUILDING_GAIA_MAUSOLEUM';
UPDATE Buildings SET IsReformation = 1					WHERE Type = 'BUILDING_GAIA_MAUSOLEUM';
UPDATE Buildings SET GlobalFollowerPopRequired = 25		WHERE Type = 'BUILDING_GAIA_MAUSOLEUM';
UPDATE Buildings SET ReligiousPressureModifier = 33		WHERE Type = 'BUILDING_GAIA_MAUSOLEUM';
UPDATE Buildings SET ConversionModifier = -20			WHERE Type = 'BUILDING_GAIA_MAUSOLEUM';
UPDATE Buildings SET FaithToVotes = 10					WHERE Type = 'BUILDING_GAIA_MAUSOLEUM';

INSERT INTO Building_YieldFromDeath (BuildingType, YieldType, Yield) VALUES
	('BUILDING_GAIA_MAUSOLEUM', 'YIELD_FAITH', 10);

-- Building_YieldChanges
INSERT INTO Building_YieldChanges(BuildingType, YieldType, Yield)
	SELECT 'BUILDING_GAIA_MAUSOLEUM', YieldType, Yield
	FROM Building_YieldChanges WHERE BuildingType = 'BUILDING_GRAND_TEMPLE';

INSERT INTO Building_Flavors
		(BuildingType,				FlavorType,			Flavor)
VALUES	('BUILDING_GAIA_MAUSOLEUM',	'FLAVOR_RELIGION',	200);

-- BELIEFS
INSERT INTO Belief_BuildingClassHappiness (BeliefType, BuildingClassType, Happiness)
	SELECT BeliefType, 'BUILDINGCLASS_GAIA_MAUSOLEUM', Happiness
	FROM Belief_BuildingClassHappiness WHERE BuildingClassType = 'BUILDINGCLASS_GRAND_TEMPLE';
INSERT INTO Belief_BuildingClassYieldChanges (BeliefType, YieldChange, YieldType, BuildingClassType)
	SELECT BeliefType, YieldChange, YieldType, 'BUILDINGCLASS_GAIA_MAUSOLEUM'
	FROM Belief_BuildingClassYieldChanges WHERE BuildingClassType = 'BUILDINGCLASS_GRAND_TEMPLE';

-- POLICIES
INSERT INTO Policy_BuildingClassCultureChanges (PolicyType, BuildingClassType, CultureChange)
	SELECT PolicyType, 'BUILDINGCLASS_GAIA_MAUSOLEUM', CultureChange
	FROM Policy_BuildingClassCultureChanges WHERE BuildingClassType = 'BUILDINGCLASS_GRAND_TEMPLE';
INSERT INTO Policy_BuildingClassHappiness (PolicyType, BuildingClassType, Happiness)
	SELECT PolicyType, 'BUILDINGCLASS_GAIA_MAUSOLEUM', Happiness
	FROM Policy_BuildingClassHappiness WHERE BuildingClassType = 'BUILDINGCLASS_GRAND_TEMPLE';
INSERT INTO Policy_BuildingClassYieldChanges (PolicyType, BuildingClassType, YieldType, YieldChange)
	SELECT PolicyType, 'BUILDINGCLASS_GAIA_MAUSOLEUM', YieldType, YieldChange
	FROM Policy_BuildingClassYieldChanges WHERE BuildingClassType = 'BUILDINGCLASS_GRAND_TEMPLE';
INSERT INTO Policy_BuildingClassYieldModifiers (PolicyType, BuildingClassType, YieldType, YieldMod)
	SELECT PolicyType, 'BUILDINGCLASS_GAIA_MAUSOLEUM', YieldType, YieldMod
	FROM Policy_BuildingClassYieldModifiers WHERE BuildingClassType = 'BUILDINGCLASS_GRAND_TEMPLE';

-- TRAITS
INSERT INTO Trait_BuildingClassYieldChanges (TraitType, BuildingClassType, YieldType, YieldChange)
	SELECT TraitType, 'BUILDINGCLASS_GAIA_MAUSOLEUM', YieldType, YieldChange
	FROM Trait_BuildingClassYieldChanges WHERE BuildingClassType = 'BUILDINGCLASS_GRAND_TEMPLE';

--=================================================================================================================================
UPDATE Sapiens_DBUpdates SET Value = 1 WHERE Name = 'FaithB_National';

