--=======================================================================================================================	
-- MORE FAITH BUILDINGS
--=======================================================================================================================	
INSERT INTO BuildingClasses (Type, DefaultBuilding,		Description) VALUES
	('BUILDINGCLASS_GAIA_TEOCALLI', 	'BUILDING_GAIA_TEOCALLI',	'TXT_KEY_BUILDING_GAIA_TEOCALLI'),
	('BUILDINGCLASS_GAIA_CHURCH',		'BUILDING_GAIA_CHURCH',		'TXT_KEY_BUILDING_GAIA_CHURCH'),
	('BUILDINGCLASS_GAIA_DAOGUAN',		'BUILDING_GAIA_DAOGUAN',	'TXT_KEY_BUILDING_GAIA_DAOGUAN'),
	('BUILDINGCLASS_GAIA_DAR_E_MEHR',	'BUILDING_GAIA_DAR_E_MEHR',	'TXT_KEY_BUILDING_GAIA_DAR_E_MEHR'),
	('BUILDINGCLASS_GAIA_GURDWARA',		'BUILDING_GAIA_GURDWARA',	'TXT_KEY_BUILDING_GAIA_GURDWARA'),
	('BUILDINGCLASS_GAIA_JINJA',		'BUILDING_GAIA_JINJA',		'TXT_KEY_BUILDING_GAIA_JINJA'),
	('BUILDINGCLASS_GAIA_MANDIR',		'BUILDING_GAIA_MANDIR',		'TXT_KEY_BUILDING_GAIA_MANDIR'),
	('BUILDINGCLASS_GAIA_SYNAGOGUE',	'BUILDING_GAIA_SYNAGOGUE',	'TXT_KEY_BUILDING_GAIA_SYNAGOGUE'),
	('BUILDINGCLASS_GAIA_STUPA',		'BUILDING_GAIA_STUPA',		'TXT_KEY_BUILDING_GAIA_STUPA');
	
INSERT INTO Buildings (Type, BuildingClass, Description, Civilopedia, Help, ConquestProb, Cost, UnlockedByBelief, FaithCost, MinAreaSize, IconAtlas, PortraitIndex, Happiness, ReligiousPressureModifier) VALUES
	('BUILDING_GAIA_CHURCH',	'BUILDINGCLASS_GAIA_CHURCH',	'TXT_KEY_BUILDING_GAIA_CHURCH',		'TXT_KEY_BUILDING_GAIA_CHURCH_PEDIA',		'TXT_KEY_BUILDING_GAIA_CHURCH_HELP',	100, -1, 1, 240, -1,	'GAIA_FAITHBLDG_ATLAS',	0,	1, 20),
	('BUILDING_GAIA_DAR_E_MEHR','BUILDINGCLASS_GAIA_DAR_E_MEHR','TXT_KEY_BUILDING_GAIA_DAR_E_MEHR',	'TXT_KEY_BUILDING_GAIA_DAR_E_MEHR_PEDIA',	'TXT_KEY_BUILDING_GAIA_DAR_E_MEHR_HELP',100, -1, 1,	240, -1,	'GAIA_FAITHBLDG_ATLAS',	1,	1, 20),
	('BUILDING_GAIA_STUPA',		'BUILDINGCLASS_GAIA_STUPA',		'TXT_KEY_BUILDING_GAIA_STUPA',		'TXT_KEY_BUILDING_GAIA_STUPA_PEDIA',		'TXT_KEY_BUILDING_GAIA_STUPA_HELP',		100, -1, 1, 240, -1,	'GAIA_FAITHBLDG_ATLAS',	2,	1, 20),
	('BUILDING_GAIA_JINJA',		'BUILDINGCLASS_GAIA_JINJA',		'TXT_KEY_BUILDING_GAIA_JINJA',		'TXT_KEY_BUILDING_GAIA_JINJA_PEDIA',		'TXT_KEY_BUILDING_GAIA_JINJA_HELP',		100, -1, 1,	240, -1,	'GAIA_FAITHBLDG_ATLAS',	3,	1, 20),
	('BUILDING_GAIA_SYNAGOGUE',	'BUILDINGCLASS_GAIA_SYNAGOGUE',	'TXT_KEY_BUILDING_GAIA_SYNAGOGUE',	'TXT_KEY_BUILDING_GAIA_SYNAGOGUE_PEDIA',	'TXT_KEY_BUILDING_GAIA_SYNAGOGUE_HELP',	100, -1, 1, 240, -1,	'GAIA_FAITHBLDG_ATLAS',	4,	1, 20),
	('BUILDING_GAIA_MANDIR',	'BUILDINGCLASS_GAIA_MANDIR',	'TXT_KEY_BUILDING_GAIA_MANDIR',		'TXT_KEY_BUILDING_GAIA_MANDIR_PEDIA',		'TXT_KEY_BUILDING_GAIA_MANDIR_HELP',	100, -1, 1, 240, -1,	'GAIA_FAITHBLDG_ATLAS',	5,	1, 20),
	('BUILDING_GAIA_DAOGUAN',	'BUILDINGCLASS_GAIA_DAOGUAN',	'TXT_KEY_BUILDING_GAIA_DAOGUAN',	'TXT_KEY_BUILDING_GAIA_DAOGUAN_PEDIA',		'TXT_KEY_BUILDING_GAIA_DAOGUAN_HELP',	100, -1, 1,	240, -1,	'GAIA_FAITHBLDG_ATLAS',	6,	1, 20),
	('BUILDING_GAIA_GURDWARA',	'BUILDINGCLASS_GAIA_GURDWARA',	'TXT_KEY_BUILDING_GAIA_GURDWARA',	'TXT_KEY_BUILDING_GAIA_GURDWARA_PEDIA',		'TXT_KEY_BUILDING_GAIA_GURDWARA_HELP',	100, -1, 1,	240, -1,	'GAIA_FAITHBLDG_ATLAS',	7,	1, 20),
	('BUILDING_GAIA_TEOCALLI',	'BUILDINGCLASS_GAIA_TEOCALLI',	'TXT_KEY_BUILDING_GAIA_TEOCALLI',	'TXT_KEY_BUILDING_GAIA_TEOCALLI_PEDIA',		'TXT_KEY_BUILDING_GAIA_TEOCALLI_HELP',	100, -1, 1,	240, -1,	'EXPANSION_BW_ATLAS_1',	7,	1, 20);
	
--=======================================================================================================================	
-- EFFECTS
--=======================================================================================================================	
INSERT INTO Building_YieldChanges (BuildingType, YieldType, Yield) VALUES
	('BUILDING_GAIA_TEOCALLI',		'YIELD_FAITH',					2),
	('BUILDING_GAIA_TEOCALLI',		'YIELD_GOLD',					1),
	('BUILDING_GAIA_CHURCH',		'YIELD_FAITH',					2),
	('BUILDING_GAIA_CHURCH',		'YIELD_CULTURE',				1),
	('BUILDING_GAIA_CHURCH',		'YIELD_PRODUCTION',				1),
	('BUILDING_GAIA_DAOGUAN',		'YIELD_SCIENCE',				2),
	('BUILDING_GAIA_DAOGUAN',		'YIELD_FAITH',					2),
	('BUILDING_GAIA_DAR_E_MEHR',	'YIELD_CULTURE',				2),
	('BUILDING_GAIA_DAR_E_MEHR',	'YIELD_FAITH',					2),
	('BUILDING_GAIA_GURDWARA',		'YIELD_FOOD',					2),
	('BUILDING_GAIA_GURDWARA',		'YIELD_FAITH',					1),
	('BUILDING_GAIA_GURDWARA',		'YIELD_CULTURE',				1),
	('BUILDING_GAIA_JINJA',			'YIELD_FAITH',					2),
	('BUILDING_GAIA_JINJA',			'YIELD_SCIENCE',				1),
	('BUILDING_GAIA_JINJA',			'YIELD_CULTURE',				1),
	('BUILDING_GAIA_MANDIR',		'YIELD_FOOD',					2),
	('BUILDING_GAIA_MANDIR',		'YIELD_FAITH',					2),
	('BUILDING_GAIA_SYNAGOGUE',		'YIELD_PRODUCTION',				1),
	('BUILDING_GAIA_SYNAGOGUE',		'YIELD_CULTURE',				1),
	('BUILDING_GAIA_SYNAGOGUE',		'YIELD_FAITH',					2),
	('BUILDING_GAIA_STUPA',			'YIELD_GOLD',					2),
	('BUILDING_GAIA_STUPA',			'YIELD_FAITH',					1),
	('BUILDING_GAIA_STUPA',			'YIELD_CULTURE',				1);

-- Church
UPDATE Buildings SET PlotCultureCostModifier = -20, PlotBuyCostModifier = -20 WHERE Type = 'BUILDING_GAIA_CHURCH';

-- Daoguan
UPDATE Buildings
SET GreatPeopleRateModifier = 10
WHERE Type = 'BUILDING_GAIA_DAOGUAN';

-- Dar-e Mehr
UPDATE Buildings
SET TradeRouteLandDistanceModifier = 30, TradeRouteSeaDistanceModifier = 30
WHERE Type = 'BUILDING_GAIA_DAR_E_MEHR';

-- Gurdwara
UPDATE Buildings
SET FoodKept = 10
WHERE Type = 'BUILDING_GAIA_GURDWARA';

-- Jinja
INSERT INTO Building_SeaResourceYieldChanges (BuildingType, YieldType, Yield) VALUES
	('BUILDING_GAIA_JINJA', 'YIELD_FAITH', 1);

-- Mandir
INSERT INTO Building_ResourceYieldChanges (BuildingType, ResourceType, YieldType, Yield)
	SELECT 'BUILDING_GAIA_MANDIR', Type, 'YIELD_PRODUCTION',  1
	FROM Resources WHERE ResourceClassType = 'RESOURCECLASS_LUXURY';

-- Stupa
INSERT INTO Building_YieldModifiers (BuildingType, YieldType, Yield) VALUES
	('BUILDING_GAIA_STUPA',	'YIELD_GOLD', 10);

-- Synagogue
UPDATE Buildings SET BuildingProductionModifier = 10 WHERE Type = 'BUILDING_GAIA_SYNAGOGUE';

-- Teocalli
INSERT INTO Building_DomainFreeExperiences
		(BuildingType, DomainType, Experience)
VALUES	('BUILDING_GAIA_TEOCALLI', 'DOMAIN_LAND', 15),
		('BUILDING_GAIA_TEOCALLI', 'DOMAIN_AIR', 15),
		('BUILDING_GAIA_TEOCALLI', 'DOMAIN_SEA', 15);

-- Building_Flavors
DELETE FROM Building_Flavors WHERE BuildingType IN (
	'BUILDING_GAIA_CHURCH',
	'BUILDING_GAIA_DAOGUAN',	
	'BUILDING_GAIA_DAR_E_MEHR',
	'BUILDING_GAIA_GURDWARA',
	'BUILDING_GAIA_JINJA',
	'BUILDING_GAIA_MANDIR',
	'BUILDING_GAIA_SYNAGOGUE',	
	'BUILDING_GAIA_STUPA',
	'BUILDING_GAIA_TEOCALLI'
);
INSERT INTO Building_Flavors (BuildingType, FlavorType, Flavor) VALUES
	('BUILDING_GAIA_TEOCALLI',		'FLAVOR_RELIGION',					3),
	('BUILDING_GAIA_TEOCALLI',		'FLAVOR_CULTURE',					3),
	('BUILDING_GAIA_CHURCH',		'FLAVOR_RELIGION',					3),
	('BUILDING_GAIA_CHURCH',		'FLAVOR_CULTURE',					3),
	('BUILDING_GAIA_DAOGUAN',		'FLAVOR_RELIGION',					3),
	('BUILDING_GAIA_DAOGUAN',		'FLAVOR_SCIENCE',					4),
	('BUILDING_GAIA_DAOGUAN',		'FLAVOR_GREAT_PEOPLE',				2),
	('BUILDING_GAIA_DAR_E_MEHR',	'FLAVOR_RELIGION',					3),
	('BUILDING_GAIA_DAR_E_MEHR',	'FLAVOR_CULTURE',					3),
	('BUILDING_GAIA_DAR_E_MEHR',	'FLAVOR_OFFENSE',					2),
	('BUILDING_GAIA_GURDWARA',		'FLAVOR_HAPPINESS',					3),
	('BUILDING_GAIA_GURDWARA',		'FLAVOR_RELIGION',					3),
	('BUILDING_GAIA_GURDWARA',		'FLAVOR_CULTURE',					3),
	('BUILDING_GAIA_JINJA',			'FLAVOR_RELIGION',					3),
	('BUILDING_GAIA_JINJA',			'FLAVOR_CULTURE',					3),
	('BUILDING_GAIA_JINJA',			'FLAVOR_NAVAL_TILE_IMPROVEMENT',	2),
	('BUILDING_GAIA_MANDIR',		'FLAVOR_RELIGION',					3),
	('BUILDING_GAIA_MANDIR',		'FLAVOR_GROWTH',					3),
	('BUILDING_GAIA_MANDIR',		'FLAVOR_PRODUCTION',				3),
	('BUILDING_GAIA_SYNAGOGUE',		'FLAVOR_RELIGION',					3),
	('BUILDING_GAIA_SYNAGOGUE',		'FLAVOR_CULTURE',					3),
	('BUILDING_GAIA_SYNAGOGUE',		'FLAVOR_PRODUCTION',				3),
	('BUILDING_GAIA_STUPA',			'FLAVOR_RELIGION',					3),
	('BUILDING_GAIA_STUPA',			'FLAVOR_HAPPINESS',					3);

--=======================================================================================================================	
-- FAITH BUILDINGS FOLLOWER BELIEFS
--=======================================================================================================================	
INSERT INTO Beliefs (Type, Description, ShortDescription, Follower)
VALUES 
('BELIEF_GAIA_STAVE_CHURCH','TXT_KEY_BELIEF_GAIA_STAVE_CHURCH',	'TXT_KEY_BELIEF_GAIA_STAVE_CHURCH_SHORT',	1),
('BELIEF_GAIA_DAOGUAN',		'TXT_KEY_BELIEF_GAIA_DAOGUAN',		'TXT_KEY_BELIEF_GAIA_DAOGUAN_SHORT',			1),
('BELIEF_GAIA_DAR_E_MEHR',	'TXT_KEY_BELIEF_GAIA_DAR_E_MEHR',	'TXT_KEY_BELIEF_GAIA_DAR_E_MEHR_SHORT',		1),
('BELIEF_GAIA_GURDWARA',	'TXT_KEY_BELIEF_GAIA_GURDWARA',		'TXT_KEY_BELIEF_GAIA_GURDWARA_SHORT',		1),
('BELIEF_GAIA_JINJA',		'TXT_KEY_BELIEF_GAIA_JINJA',		'TXT_KEY_BELIEF_GAIA_JINJA_SHORT',			1),
('BELIEF_GAIA_MANDIR',		'TXT_KEY_BELIEF_GAIA_MANDIR',		'TXT_KEY_BELIEF_GAIA_MANDIR_SHORT',			1),
('BELIEF_GAIA_SYNAGOGUE',	'TXT_KEY_BELIEF_GAIA_SYNAGOGUE',	'TXT_KEY_BELIEF_GAIA_SYNAGOGUE_SHORT',		1),
('BELIEF_GAIA_STUPA',		'TXT_KEY_BELIEF_GAIA_STUPA',		'TXT_KEY_BELIEF_GAIA_STUPA_SHORT',			1),
('BELIEF_GAIA_TEOCALLI',	'TXT_KEY_BELIEF_GAIA_TEOCALLI',		'TXT_KEY_BELIEF_GAIA_TEOCALLI_SHORT',		1);

INSERT INTO Belief_BuildingClassFaithPurchase
	(BeliefType, BuildingClassType)
VALUES
	('BELIEF_GAIA_STAVE_CHURCH',	'BUILDINGCLASS_GAIA_CHURCH'),
	('BELIEF_GAIA_DAOGUAN',			'BUILDINGCLASS_GAIA_DAOGUAN'),
	('BELIEF_GAIA_DAR_E_MEHR',		'BUILDINGCLASS_GAIA_DAR_E_MEHR'),
	('BELIEF_GAIA_GURDWARA',		'BUILDINGCLASS_GAIA_GURDWARA'),
	('BELIEF_GAIA_JINJA',			'BUILDINGCLASS_GAIA_JINJA'),
	('BELIEF_GAIA_MANDIR',			'BUILDINGCLASS_GAIA_MANDIR'),
	('BELIEF_GAIA_SYNAGOGUE',		'BUILDINGCLASS_GAIA_SYNAGOGUE'),
	('BELIEF_GAIA_STUPA',			'BUILDINGCLASS_GAIA_STUPA'),
	('BELIEF_GAIA_TEOCALLI',		'BUILDINGCLASS_GAIA_TEOCALLI');

--=======================================================================================================================
UPDATE Sapiens_DBUpdates SET Value = 1 WHERE Name = 'FaithB_Defines';